{
  "configVersion": 1,
  "timestamp": 1604934413054,
  "index": "/index.html",
  "assetGroups": [
    {
      "name": "app",
      "installMode": "prefetch",
      "updateMode": "prefetch",
      "urls": [
        "/15.a80c99403c05b4e866b0.js",
        "/16.4d1ece045a4ea0cc1e9c.js",
        "/17.c8a921bcae2476ebc246.js",
        "/2.4c5f0520e9c4b74980db.js",
        "/3.6e030b4355731f62e827.js",
        "/4.81f40ff2b74d4ee9979f.js",
        "/common.c7f144056e1551c0d9e6.js",
        "/favicon.ico",
        "/index.html",
        "/main.23fa5669cfd15c6f97ff.js",
        "/polyfills-es5.d2f59b39ec6cfe050eee.js",
        "/polyfills.acb62e41f0328d20f125.js",
        "/runtime.8f430f1c506c7d2a1562.js",
        "/styles.3cb39079f55eb534af86.css"
      ],
      "patterns": []
    },
    {
      "name": "assets",
      "installMode": "lazy",
      "updateMode": "prefetch",
      "urls": [
        "/assets/i18n/en-US.json",
        "/assets/i18n/vi-VN.json",
        "/assets/images/Midas-Logo-01.png",
        "/assets/images/Midas-icon.png",
        "/assets/images/Midas_logo.png",
        "/assets/images/center_placeholder.png",
        "/assets/images/cover_image.jpg",
        "/assets/images/fd_account_placeholder.png",
        "/assets/images/group_placeholder.png",
        "/assets/images/icons/deposit.svg",
        "/assets/images/icons/income.svg",
        "/assets/images/icons/withdraw.svg",
        "/assets/images/icons/withdraw_total.svg",
        "/assets/images/loans_account_placeholder.png",
        "/assets/images/midas-logo-flat.png",
        "/assets/images/midas-logo-flat1.png",
        "/assets/images/midas_lg-logo.jpg",
        "/assets/images/recurring-deposits_account_placeholder.png",
        "/assets/images/savings_account_placeholder.png",
        "/assets/images/shares_account_placeholder.png",
        "/assets/images/user_placeholder.png",
        "/assets/mock/user.mock.json",
        "/assets/particles.json",
        "/assets/styles/_alert.scss",
        "/assets/styles/_align.scss",
        "/assets/styles/_background.scss",
        "/assets/styles/_border.scss",
        "/assets/styles/_colours.scss",
        "/assets/styles/_display.scss",
        "/assets/styles/_float.scss",
        "/assets/styles/_form.scss",
        "/assets/styles/_helper.scss",
        "/assets/styles/_loader.scss",
        "/assets/styles/_margin.scss",
        "/assets/styles/_misc.scss",
        "/assets/styles/_overflow.scss",
        "/assets/styles/_padding.scss",
        "/assets/styles/_position.scss",
        "/assets/styles/_status.scss",
        "/assets/styles/_text.scss",
        "/assets/styles/_width-height.scss",
        "/assets/styles/_z-index.scss"
      ],
      "patterns": []
    }
  ],
  "dataGroups": [],
  "hashTable": {
    "/15.a80c99403c05b4e866b0.js": "67ac09dcaf03a8bc448ff9e1adceebbf5429a3cc",
    "/16.4d1ece045a4ea0cc1e9c.js": "b3c6773a96e90215935690596019a6061b7b39f1",
    "/17.c8a921bcae2476ebc246.js": "694b4cee260d2332519108ab155d7415b54fc16d",
    "/2.4c5f0520e9c4b74980db.js": "bd0dd42e5fe8d012f42c5c960a3bdf373b1d6e2a",
    "/3.6e030b4355731f62e827.js": "0d07f5e53cb1c8670e4ffa0b5aae3ec5fc09c31c",
    "/4.81f40ff2b74d4ee9979f.js": "17858a3207433f65c7ae313fe28eb1201a3ddc09",
    "/assets/i18n/en-US.json": "3ad2647126a5ddf3e35392e39a6482989612c486",
    "/assets/i18n/vi-VN.json": "e3fff2528bf9a19dfbf14aa7ca3a9e5b97ec8bd3",
    "/assets/images/Midas-Logo-01.png": "ec8fed56b99170076b9237fbd8df3997bd4a69ff",
    "/assets/images/Midas-icon.png": "65001cbc8dd6e7c83566409bd743b7f02f2abb93",
    "/assets/images/Midas_logo.png": "fc66de5965e6054007a0e0c9e68f24f1ee250c21",
    "/assets/images/center_placeholder.png": "95a8b8a2c3bccacfabe57fac31207267582e11d8",
    "/assets/images/cover_image.jpg": "dc5b2817a5528f385708ba5e87159eef7a9ab22b",
    "/assets/images/fd_account_placeholder.png": "d2b4153d5741d39c54a3bcf84a67b107f90a549b",
    "/assets/images/group_placeholder.png": "7d6a1438614f689418612fe9ad0b68dba8e9e459",
    "/assets/images/icons/deposit.svg": "62970f480ed4982c1cbbc8cb9c307cae905988a1",
    "/assets/images/icons/income.svg": "7f53b41f06b14b3e110525bb5a6c02d842b4fa92",
    "/assets/images/icons/withdraw.svg": "81518d453a524b27771de30ad99e6d440ba90ab6",
    "/assets/images/icons/withdraw_total.svg": "427d2216e2a43f65045ea5c187d6257acf31adf5",
    "/assets/images/loans_account_placeholder.png": "820bf5136bccdf48786241106a9e990ec3a6a352",
    "/assets/images/midas-logo-flat.png": "a87db29c2775563983a3103f9ef697d33e36b363",
    "/assets/images/midas-logo-flat1.png": "d6f840f37e6c6832adf8fef0ca7c53e04b5c8bf4",
    "/assets/images/midas_lg-logo.jpg": "3302ddad4bf5b179567cbb29c93dd312b07b269f",
    "/assets/images/recurring-deposits_account_placeholder.png": "45dcd53f6f01b872b45167518f8731bc132665f5",
    "/assets/images/savings_account_placeholder.png": "85aa453d8215c829eaab15312f07f8ebf6239a95",
    "/assets/images/shares_account_placeholder.png": "c470c3421bdeb24f4fb38ce43084eea0ab679fed",
    "/assets/images/user_placeholder.png": "688be4adfb344e0f9662a40f59788f39e7b907af",
    "/assets/mock/user.mock.json": "30931da097054e8b2a04f7719ae1c2fe72667c7f",
    "/assets/particles.json": "fdd24c1747b82f21eee94a571e10370fc5026e2e",
    "/assets/styles/_alert.scss": "88cf7620bc624cc80372178c3f3706e9e2bddd73",
    "/assets/styles/_align.scss": "d77cfea9fc0ee1aa207b0ce9a0b55833e9349b42",
    "/assets/styles/_background.scss": "bf0cefdd5870bd6a36b45a124c4019c54d21ef57",
    "/assets/styles/_border.scss": "d01c54ba531b749469ecb837335da6e243c0f115",
    "/assets/styles/_colours.scss": "226cce5560f08e37092199890e4ec44a649ba640",
    "/assets/styles/_display.scss": "56ebf14d38b92c157160cc6bd079c03c7145c86e",
    "/assets/styles/_float.scss": "b9695202d1e80e3032ea522214dc2b736349825c",
    "/assets/styles/_form.scss": "4f874529fa15b567fde96b54127060c8ae7792a2",
    "/assets/styles/_helper.scss": "60ab8786e7d06d3e37a77f0e9ca3fd91bb2a8704",
    "/assets/styles/_loader.scss": "759651e954bf16da57e3f3a1433ccc3879d315b7",
    "/assets/styles/_margin.scss": "33f63007f41e51385a816f37220a6b95061b59bc",
    "/assets/styles/_misc.scss": "b210e6135d4e3340cab3a061e2692d3a0ede588a",
    "/assets/styles/_overflow.scss": "e735b0ebcda1da47f316edf11ca9e69baa12a32e",
    "/assets/styles/_padding.scss": "2dd44210912f2c0f829a3cc4b695ad72339701a5",
    "/assets/styles/_position.scss": "03e692a8e15c351a241600ab4ffd59dbbff7cafa",
    "/assets/styles/_status.scss": "17bc64f712f996c0550018982222c16cbac9d38f",
    "/assets/styles/_text.scss": "1945e8a36a23a1cde75064749c56c69f173d9b61",
    "/assets/styles/_width-height.scss": "e52d0f7aca97859bae5062757a66b9ba7daf6b08",
    "/assets/styles/_z-index.scss": "ea09a0b6a774cb840994309b61f5d22cf2991cbb",
    "/common.c7f144056e1551c0d9e6.js": "11cd1ac19f15978553c7dce9c3c2e378d5f0bebd",
    "/favicon.ico": "31d1d887b9dec1f49614f289d6855f5ffa7c0902",
    "/index.html": "f1bb2b33ef370d72efc27cd50cb27e2fa6205862",
    "/main.23fa5669cfd15c6f97ff.js": "8b163a9d649da39593066bc5150c4b7b9b3d7b17",
    "/polyfills-es5.d2f59b39ec6cfe050eee.js": "d6764b078db43eda63de433735fe31d0249bc572",
    "/polyfills.acb62e41f0328d20f125.js": "be14222c925132cf855f062bd5c4b52deacfeeba",
    "/runtime.8f430f1c506c7d2a1562.js": "7f329e3476130993a3d0f5dc48bd77f97840f739",
    "/styles.3cb39079f55eb534af86.css": "894f67ac44c3080d3175f806c60472014abf07d1"
  },
  "navigationUrls": [
    {
      "positive": true,
      "regex": "^\\/.*$"
    },
    {
      "positive": false,
      "regex": "^\\/(?:.+\\/)?[^/]*\\.[^/]*$"
    },
    {
      "positive": false,
      "regex": "^\\/(?:.+\\/)?[^/]*__[^/]*$"
    },
    {
      "positive": false,
      "regex": "^\\/(?:.+\\/)?[^/]*__[^/]*\\/.*$"
    }
  ]
}